,area_bins,eff
0,0-20,15.448438838744787
1,21-40,13.40138352930022
2,41-60,11.873564701792526
3,61-80,11.13444808024312
4,81-100,10.374395679279766
5,101-120,9.9133789712342
